name,command,numeber_of_execution,buildable,Build_1,Build_2,Build_3,Build_4,Build_5,Build_6,Build_7,Build_8,Build_9,Build_10,σ_std_dev,variance,category,dockerfile_loc,from,label,env,run,volume,copy,entrypoint,cmd,workdir,user,expose,maintainer,arg,stopsignal,add,shell,total_instructions,from_cmds,label_cmds,env_cmds,run_cmds,volume_cmds,copy_cmds,entrypoint_cmds,cmd_cmds,workdir_cmds,user_cmds,expose_cmds,maintainer_cmds,arg_cmds,stopsignal_cmds,add_cmds,shell_cmds,total_cmds,cpp,java,ansic,pascal,javascript,python,cs,ruby,php,earlang,perl,sh,xml,yacc,ml,lisp,lex,asm,f90,awk,obj,tcl,sed,total_loc,apt-get,cURL,wget,yum,gitclone,npm,resource1,resource2,resource3,resource4,tot_kbs,tot_cmd_network,rubygems,package-json,composer,setuppy,podfile,pom-xml,gradle,Makefile-pl,rlibary,tot_dependencies,average_time
ahawkins_docker-thrift,docker build -t ahawkins_docker-thrift ahawkins_docker-thrift0.12.,10,true,658,715,788,615,643,631,671,650,736,751,54.9450634725268,3018.96,application_platform,41,1,0,1,1,0,0,0,1,0,0,0,0,0,0,0,0,4,1,0,1,36,0,0,0,1,0,0,0,0,0,0,0,0,39,970705,19852,18693,14438,9454,9431,9202,8381,6962,6408,3413,1497,1021,1010,962,649,336,0,0,0,0,0,0,1082414,2,1,0,0,0,0,16076.8,0,0,0,16076.8,3,9,36,3,1,0,6,0,0,0,55,685.8
backdrop-ops_backdrop-docker,docker build -t backdrop-ops_backdrop-docker backdrop-ops_backdrop-docker1apache.,10,true,309,494,525,272,289,277,448,308,495,530,106.29586069081,32344.41,application_platform,28,1,0,2,3,0,1,1,1,1,0,0,0,0,0,0,0,10,1,0,2,12,0,2,1,1,1,0,0,0,0,0,0,0,20,0,0,0,83572,14246,0,0,0,17986,0,64,1973,463,0,0,0,0,0,0,0,0,0,0,118304,2,1,0,0,0,0,32665.6,0,0,0,32665.6,3,0,0,0,1,0,0,0,0,0,1,394.7
docker-library_drupal,docker build -t docker-library_drupal docker-library_drupal7apache.,10,true,440,470,400,356,352,170,396,179,472,481,107.785156677531,11617.64,application_platform,74,1,0,2,3,0,0,0,0,1,0,0,0,0,0,0,0,7,1,0,2,47,0,0,0,0,1,0,0,0,0,0,0,0,51,0,0,0,38595,5184,0,0,0,42762,0,0,1559,441,0,0,0,0,0,0,0,0,0,0,88541,2,1,0,0,0,0,3276.8,0,0,0,3276.8,3,0,0,0,0,0,0,0,0,0,0,371.6
docker-library_wordpress,docker build -t docker-library_wordpress docker-library_wordpressphp7.3apache.,10,true,673,1130,1130,632,631,697,694,693,752,814,180.037884902039,32413.64,application_platform,111,1,0,2,6,1,1,1,1,0,0,0,0,0,0,0,0,13,1,0,2,70,1,1,1,1,0,0,0,0,0,0,0,0,77,0,0,0,0,0,0,0,0,148,0,64,757,0,0,0,0,0,0,0,0,0,0,0,969,4,1,0,0,0,0,12083.2,0,0,0,12083.2,5,0,0,2,0,0,0,0,0,0,2,784.6
docker-solr_docker-solr,docker build -t docker-solr_docker-solr docker-solr_docker-solr8.1.,10,true,756,875,860,632,636,637,654,765,756,773,86.6154720589803,7502.24,application_platform,140,1,2,5,4,1,1,1,1,1,1,1,0,5,0,0,0,24,1,0,7,78,0,0,0,1,0,0,0,0,0,0,0,0,87,0,0,619,0,0,494,0,0,0,0,64,3262,55,0,0,0,0,0,0,0,0,0,0,4494,2,0,6,0,0,0,56.3,125,171008,0,171189.3,8,0,0,0,0,0,0,0,0,0,0,734.4
friendica_docker,docker build -t friendica_docker friendica_docker2019.12apache.,10,true,769,756,763,778,835,766,769,770,773,779,20.7499397589487,430.56,application_platform,128,1,0,3,6,1,2,1,1,0,0,0,0,0,0,0,0,15,1,2,3,42,0,2,3,1,0,1,1,0,0,0,0,0,56,0,0,619,0,0,457,0,0,61,0,64,945,0,0,0,0,0,0,0,0,0,0,0,2146,4,4,0,0,0,0,40038.4,30003.2,125,0,70166.6,8,0,0,0,0,0,0,0,0,0,0,825.0
geonetwork_docker-geonetwork,docker build -t geonetwork_docker-geonetwork geonetwork_docker-geonetwork3.8.3.,10,true,873,1181,872,435,445,480,509,523,513,606,235.465942335617,55444.21,application_platform,24,1,0,5,1,0,1,1,1,1,0,0,0,0,0,0,0,11,1,1,4,33,0,0,0,2,1,0,0,0,0,0,0,0,42,0,330,0,0,290470,0,0,0,0,0,0,225,187231,0,0,0,0,0,0,0,0,0,0,478256,0,1,0,0,0,0,204800,0,0,0,204800,1,0,0,0,0,0,102,0,0,0,102,643.7
jenkinsci_docker,docker build -t jenkinsci_docker jenkinsci_docker.,10,true,944,996,1094,799,766,767,847,917,904,1139,123.238021730309,15187.61,application_platform,84,1,0,8,6,1,6,1,0,0,1,2,0,12,0,0,0,38,1,0,8,25,1,6,3,0,0,1,2,0,12,0,0,0,59,0,0,2457,0,0,457,0,103,0,0,281,21375,0,0,0,0,0,5171,0,0,0,0,0,29844,4,4,0,0,0,0,5.8,85.8,75571.2,0,75662.8,8,4,0,0,0,0,0,0,0,0,4,917.3
joomla_docker-joomla,docker build -t joomla_docker-joomla joomla_docker-joomlaphp7.4apache.,10,true,248,307,353,254,242,241,314,248,290,303,36.7858668512786,1353.2,application_platform,85,1,1,3,3,1,2,1,1,0,0,0,0,0,0,0,0,13,1,1,3,51,1,2,1,1,0,0,0,0,0,0,0,0,61,0,0,0,0,116135,0,0,0,385244,0,64,577,47987,0,0,0,0,0,0,0,0,0,0,550007,2,1,0,0,0,0,7782.4,0,0,0,7782.4,3,0,12,29,0,0,0,0,0,0,41,280.0
nats-io_nats-streaming-docker,docker build -t nats-io_nats-streaming-docker nats-io_nats-streaming-dockeramd64.,10,true,8,8,14,8,8,8,8,9,7,8,1.85472369909914,3.44,application_platform,10,1,0,0,0,0,1,1,1,0,0,1,0,0,0,0,0,5,1,0,0,3,0,0,0,0,0,0,0,0,0,0,0,0,4,0,0,53,0,0,91,0,0,0,0,64,1323,0,0,0,0,0,5922,0,0,0,0,0,7453,0,0,0,0,0,0,0,0,0,0,0,0,0,0,0,0,0,0,0,0,0,0,8.6
plone_plone.docker,docker build -t plone_plone.docker plone_plone.docker5.25.2.0python2.,10,true,1424,1674,1892,1392,1294,1263,1269,1751,1382,1571,208.455654756593,43453.76,application_platform,57,1,1,1,2,1,2,1,1,1,0,1,0,0,0,0,0,12,1,1,0,35,0,1,0,2,2,0,0,0,0,0,0,0,42,0,0,0,0,0,578,0,0,0,0,0,373,0,0,0,0,0,0,0,0,0,0,0,951,3,0,1,0,0,0,4300.8,0,0,0,4300.8,4,3,0,0,0,0,0,0,0,0,3,1491.2
postfixadmin_docker,docker build -t postfixadmin_docker postfixadmin_dockerapache.,10,true,109,120,158,116,111,113,107,107,105,110,14.7661775690258,218.04,application_platform,61,1,1,3,3,0,1,1,1,0,0,0,0,2,0,0,0,13,1,6,8,24,1,2,1,3,1,0,1,0,0,0,0,0,48,0,0,0,0,5315,169,0,0,27997,0,1128,1099,72,0,0,0,0,0,0,0,0,0,0,35780,2,1,0,0,0,0,4096,0,0,0,4096,3,0,0,10,0,0,0,0,6,0,16,115.6
RocketChat_Docker.Official.Image,docker build -t RocketChat_Docker.Official.Image RocketChat_Docker.Official.Image3.,10,true,1133,1033,1079,920,889,963,1068,1011,1387,1153,135.12305502763,0.25,application_platform,97,1,0,4,4,1,0,0,1,2,1,1,0,0,0,0,0,15,1,4,3,31,0,0,0,1,0,0,0,0,0,0,0,0,40,1762856,0,705114,0,1274994,82855,186,0,0,0,1141908,5072,1980,0,0,521,0,572047,0,0,0,0,5,5547538,5,4,0,0,0,0,30515.2,50892.8,0,0,81408,9,4,15,0,0,0,0,0,1,0,20,1063.6
Silverpeas_docker-silverpeas-prod,docker build -t Silverpeas_docker-silverpeas-prod Silverpeas_docker-silverpeas-prod.,10,true,2761,2694,2708,2722,2692,2706,2684,2689,2740,2804,36.3290517354913,1319.8,application_platform,127,1,1,9,8,1,3,0,1,1,0,1,1,1,0,0,0,28,1,0,4,15,0,0,0,0,0,0,0,0,0,0,0,0,20,0,578240,0,0,0,0,0,0,0,0,64,1286,195027,0,0,0,0,0,0,0,0,0,0,774617,2,0,5,0,0,0,3788.8,6860.8,108748.8,38707.2,158105.6,7,0,0,0,0,0,530,0,0,0,530,2720.0
SonarSource_docker-sonarqube,docker build -t SonarSource_docker-sonarqube SonarSource_docker-sonarqube8community.,10,true,1055,1045,1003,1031,1212,1276,1137,1038,1055,1030,85.7237423354814,7348.56,application_platform,64,2,0,2,2,0,2,1,1,1,0,1,0,4,0,0,0,16,1,1,9,52,3,3,0,1,1,0,2,1,1,0,0,0,75,0,0,0,0,1394,0,0,0,0,0,0,1415,152,0,0,0,0,0,0,0,0,0,0,2961,0,2,0,0,0,0,217088,0,0,0,217088,2,0,5,0,0,0,0,0,0,0,5,1088.2
TeamSpeak-Systems_teamspeak-linux-docker-images,docker build -t TeamSpeak-Systems_teamspeak-linux-docker-images TeamSpeak-Systems_teamspeak-linux-docker-imagesalpine.,10,true,66,64,63,66,64,70,64,66,63,63,2.0712315177208,4.29,application_platform,37,1,0,1,3,1,1,1,1,1,0,1,0,2,0,0,0,13,1,1,1,63,0,0,0,1,0,0,0,0,0,0,0,0,67,0,0,0,0,0,0,0,0,0,0,0,198,0,0,0,0,0,0,0,0,0,0,0,198,0,0,1,0,0,0,8294.4,0,0,0,8294.4,1,0,0,0,0,0,0,0,0,0,0,64.9
TimWolla_docker-adminer,docker build -t TimWolla_docker-adminer TimWolla_docker-adminer4.,10,true,349,328,327,325,326,330,330,344,365,329,12.4743737317751,155.61,application_platform,61,1,0,3,4,0,2,1,1,1,1,1,0,0,1,0,0,16,1,0,3,37,0,2,2,5,1,1,1,0,0,1,0,0,54,0,0,0,0,1220,0,0,0,25525,0,64,420,0,0,0,0,0,0,0,0,0,0,0,27229,0,2,0,0,0,0,478,1945.6,0,0,2423.6,2,0,0,0,0,0,0,0,0,0,0,335.3
TimWolla_docker-spiped,docker build -t TimWolla_docker-spiped TimWolla_docker-spiped1.6.,10,true,179,164,189,157,161,172,171,205,158,155,15.2147954307641,231.49,application_platform,37,1,0,3,3,1,1,1,1,1,0,0,0,0,0,0,0,12,1,0,3,37,0,2,2,5,1,1,1,0,0,1,0,0,54,0,0,6690,0,0,0,0,0,0,0,0,533,0,0,0,0,0,0,0,0,0,0,0,7223,4,1,0,0,0,0,92.2,0,0,0,92.2,5,0,0,0,0,0,0,0,0,0,0,171.1
znc_znc-docker,docker build -t znc_znc-docker znc_znc-dockerfull.,10,true,371,394,353,313,286,284,297,365,371,366,38.6497089251653,1493.8,application_platform,60,1,0,0,1,0,1,0,0,0,0,0,0,0,0,0,0,3,1,0,2,18,0,3,1,1,0,0,0,0,0,0,0,0,26,21269,0,0,0,0,0,0,0,0,0,358,2848,0,0,0,0,0,0,0,0,0,0,0,24475,0,2,0,0,0,0,2150.4,0,0,0,2150.4,2,0,0,0,0,0,0,0,0,0,0,340.0
covid19-italy,docker build -t covid19-italy covid19-italy.,10,true,621,656,663,508,507,506,540,573,577,616,57.6021700980093,3318.01,application_platform,17,1,0,0,2,0,2,0,1,1,0,1,1,0,0,0,0,9,1,0,0,8,0,2,0,0,0,0,0,0,0,0,0,0,11,0,0,0,0,0,541,0,0,0,0,0,4,0,0,0,0,0,0,0,0,0,0,0,545,0,0,3,0,0,0,7270.4,727.8,10444.8,0,18443,3,0,0,0,3,0,0,0,0,0,3,576.7
apache_couchdb-docker,docker build -t apache_couchdb-docker apache_couchdb-docker3.0.0.,10,true,406,424,220,326,315,330,376,326,582,338,89.9378118479653,8088.81,database,140,1,1,4,7,1,3,1,1,0,0,1,0,0,0,0,0,20,1,1,4,81,1,3,3,1,0,0,3,0,0,0,0,0,98,0,0,619,0,0,457,0,0,0,0,64,1090,0,0,0,0,0,0,0,0,0,0,0,2230,6,0,4,0,0,0,85.8,0.8,56.6,0.55,143.75,10,0,0,0,0,0,0,0,0,0,0,364.3
crate_docker-crate,docker build -t crate_docker-crate crate_docker-crate.,10,true,908,927,798,639,608,605,782,880,1549,938,259.842336812152,67518.04,database,84,1,1,3,6,1,5,1,1,1,0,1,0,0,0,0,0,21,1,0,11,15,0,0,0,1,0,0,0,0,0,0,0,0,28,0,0,0,0,0,377,0,0,0,0,0,26,0,0,0,0,0,0,0,0,0,0,0,403,0,5,0,0,0,0,191488,55091.2,1331.2,0,247910.4,5,0,0,0,7,0,0,0,0,0,7,863.4
docker-library_memcached,docker build -t docker-library_memcached docker-library_memcacheddebian.,10,true,178,130,154,121,123,121,157,185,134,133,22.4062491283124,502.04,database,80,1,0,2,4,0,1,1,1,0,1,1,0,0,0,0,0,12,1,0,2,61,0,1,1,1,0,1,1,0,0,0,0,0,69,0,0,20527,0,0,422,0,0,0,0,7068,563,1638,0,0,0,0,0,0,0,0,0,0,30218,4,0,1,0,0,0,1740.8,0,0,0,524,5,0,0,0,0,0,0,0,0,0,0,143.6
docker-library_mongo,docker build -t /repositories/docker-library_mongo/3.6,10,true,526,542,556,531,540,538,538,531,536,542,7.78460018241143,60.6,database,106,1,0,6,8,1,1,1,1,0,0,1,0,2,0,0,0,22,1,0,6,72,1,1,1,1,0,0,1,0,2,0,0,0,86,0,0,0,0,8081,0,0,0,0,0,64,944,0,0,0,0,0,0,0,0,0,0,0,9089,9,0,3,0,0,0,56.3,8089.6,0,0,8145.9,12,0,11,0,0,0,0,0,0,0,11,538.0
docker-library_mysql,docker build -t docker-library_mysql docker-library_mysql5.7.,10,true,248,235,225,224,231,223,224,223,224,223,7.68114574786861,59,database,10,1,0,3,9,1,1,1,1,0,0,1,0,0,0,0,0,18,1,0,0,4,0,1,0,1,0,0,0,0,0,0,0,0,7,0,0,0,0,0,0,0,0,0,0,64,686,0,0,0,0,0,0,0,0,0,0,0,750,0,0,0,3,0,0,29.7,0,0,0,29.7,3,0,0,0,0,0,0,0,0,0,0,228.0
docker-library_postgres,docker build -t repositories/docker-library_postgres/12/alpine,10,true,963,922,918,920,926,960,933,908,931,931,16.7140659326209,279.36,database,151,1,0,6,12,1,1,1,1,0,0,1,0,0,0,0,0,24,1,0,5,10,0,0,0,1,0,0,0,0,0,0,0,0,17,0,0,0,0,0,0,0,0,0,0,64,1363,0,0,0,0,0,0,0,0,0,0,0,1427,0,0,3,0,0,0,19865.6,44.3,36.5,0,19946.4,3,0,0,0,0,0,0,0,0,0,0,931.2
docker-library_redis,docker build -t docker-library_redis /repositories/docker-library_redis/6.0-rc/alpine,10,true,206,204,203,204,203,204,204,205,213,244,11.991663771137,143.8,database,81,1,0,3,4,1,1,1,1,1,0,1,0,0,0,0,0,14,1,0,3,44,1,1,1,1,1,0,1,0,0,0,0,0,54,364,0,135591,0,0,162,0,629,0,0,4202,4685,0,0,0,0,0,0,0,0,0,16754,0,162387,0,0,1,0,0,0,9318.4,0,0,0,9318.4,1,0,0,0,0,0,0,0,0,0,0,209.0
mongo-express_mongo-express-docker,docker build -t mongo-express_mongo-express-docker mongo-express_mongo-express-docker.,10,true,211,208,200,151,149,142,187,226,197,205,28.0934155986772,789.24,database,31,1,0,2,3,0,1,1,1,1,0,1,0,0,0,0,0,11,1,0,7,6,0,1,3,1,1,0,1,0,0,0,0,0,21,1762856,0,705114,0,1274994,82855,186,0,0,0,1141908,4982,1980,0,0,521,0,572047,0,0,0,0,5,5547448,0,0,0,0,0,1,29696,0,0,0,29696,1,0,334,0,0,0,0,0,0,0,334,187.6
orientechnologies_orientdb-docker,docker build -t orientechnologies_orientdb-docker orientechnologies_orientdb-docker3.0arm64v8openjdk-slim.,10,true,396,429,424,356,331,332,325,405,387,467,45.6854462602698,2087.16,database,46,1,0,5,2,1,0,0,1,1,0,2,1,1,0,0,0,15,2,0,0,4,0,3,0,0,0,0,0,0,1,0,0,0,10,0,0,0,0,11829,0,0,0,0,0,0,172,769,0,0,0,0,0,0,0,0,0,0,12770,0,0,1,0,0,0,37990.4,0,0,0,37990.4,1,0,15,0,0,0,0,0,0,0,15,385.2
c0b_docker-elixir,docker build -t c0b_docker-elixir c0b_docker-elixir1.2.,10,true,1070,1467,983,793,859,790,896,1012,1086,1192,195.739009908603,38313.76,language,24,1,0,1,1,0,0,0,1,0,0,0,0,0,0,0,0,4,1,0,2,15,0,0,0,1,0,0,0,0,0,0,0,0,19,0,0,0,0,0,0,0,0,0,9464,64,604,0,0,0,0,0,0,0,0,0,0,0,10132,2,1,0,0,0,0,3174.4,0,0,0,3174.4,3,0,0,0,0,0,0,0,0,0,0,1014.8
cpuguy83_docker-jruby,docker build -t cpuguy83_docker-jruby cpuguy83_docker-jruby9000jdk.,10,true,441,520,510,351,343,346,441,404,552,513,75.2282526714532,5659.29,language,35,1,0,6,5,0,0,0,1,0,0,0,0,0,0,0,0,13,1,0,0,4,0,2,0,8,1,0,1,1,0,0,0,0,18,0,256465,5113,0,0,0,0,540452,0,0,0,992,30437,4843,0,0,0,0,0,0,0,40,0,838342,2,1,0,0,0,0,24985.6,0,0,0,24985.6,3,2,0,0,0,0,64,0,0,0,66,442.1
docker-library_golang,docker build -t docker-library_golang docker-library_golang1.13alpine3.11,10,true,753,780,760,769,800,792,816,787,867,842,34.3458876723255,1179.64,language,64,1,0,2,2,0,1,0,0,1,2,0,0,0,0,0,1,10,1,0,2,47,0,0,0,0,1,0,0,0,0,0,0,0,51,39,0,6356,0,714,357,0,0,0,0,1159,2141,623,0,0,0,0,104641,8,7,4,0,0,116049,0,0,1,0,0,0,21196.8,0,0,0,21196.8,1,0,0,0,0,0,0,0,0,0,0,796.6
docker-library_openjdk,docker build -t /repositories/docker-library_openjdk/15/jdk/alpine,10,true,619,607,603,613,625,710,760,627,624,754,58.7857125499045,3455.76,language,32,1,0,5,1,0,0,0,1,0,0,0,0,0,0,0,0,8,1,0,2,61,0,1,1,1,0,1,1,0,0,0,0,0,69,1690,0,2760,0,0,0,0,0,0,0,0,411,0,0,0,0,0,0,0,0,0,0,0,4861,0,0,1,0,0,0,194560,0,0,0,194560,1,0,0,0,0,0,0,0,0,0,0,654.2
docker-library_php,docker build -t docker-library /docker-library_php/base-images/php/7.0/fpm,10,true,294,292,295,316,296,297,294,294,294,294,6.59090282131363,43.44,language,25,1,0,0,2,0,2,0,1,0,0,1,0,0,0,0,0,7,1,0,0,4,0,1,0,1,0,0,0,0,0,0,0,0,7,0,0,0,0,0,0,0,0,0,0,64,913,0,0,0,0,0,0,0,0,0,0,0,977,2,0,0,0,0,0,0,0,0,0,0,2,0,0,0,0,0,0,0,0,0,0,296.6
docker-library_pypy,docker build -t docker-library_pypy docker-library_pypy3.6.,10,true,214,1160,304,203,198,213,201,215,228,221,282.909897317149,80038.01,language,85,1,0,6,3,0,0,0,1,0,0,0,0,0,0,0,0,11,1,0,6,43,0,0,0,1,0,0,0,0,0,0,0,0,51,0,0,0,0,0,105508,0,0,0,0,64,462,0,0,0,0,0,0,0,0,0,0,0,106034,2,0,2,0,0,0,24985.6,1843.3,0,0,26828.9,4,0,0,0,2,0,0,0,0,0,2,315.7
docker-library_ruby,docker build -t docker-library_ruby docker-library_ruby2.7alpine3.11.,10,true,537,524,739,440,441,536,443,504,500,489,82.7575374210712,6848.81,language,128,1,0,6,4,0,0,0,1,0,0,0,0,0,0,0,0,12,1,0,0,9,0,3,0,4,1,0,1,0,0,0,0,0,19,0,0,0,0,4815,166,0,101117,0,0,367,471,0,0,0,0,0,0,0,0,0,0,0,106936,0,0,2,0,0,0,11673.6,128.6,0,0,11802.2,2,28,0,0,0,0,0,0,0,0,28,515.3
erlang_docker-erlang-otp,docker build -t erlang_docker-erlang-otp erlang_docker-erlang-otp23.,10,true,1163,1230,1872,1144,1160,1124,1144,1172,1147,1168,214.853531504604,46162.04,language,68,1,1,2,3,0,0,0,1,0,0,0,0,0,0,0,0,8,1,1,3,54,0,0,0,1,0,0,0,0,0,0,0,0,60,51890,8061,392151,3435,733,5195,0,0,2,1493377,4327,12149,407745,0,0,9684,0,3586,0,0,0,0,72,2392407,3,3,0,0,0,0,941.5,372,180224,0,181537.5,6,0,0,0,0,0,0,0,0,0,0,1232.4
fsprojects_docker-fsharp,docker build -t fsprojects_docker-fsharp fsprojects_docker-fsharp10.7.0netcore.,10,true,799,1217,919,833,820,790,823,854,790,897,121.465056703564,14753.76,language,41,1,1,2,3,0,0,0,1,1,0,0,0,0,0,0,0,9,1,0,3,82,1,2,1,1,0,0,0,0,0,0,0,0,91,0,0,0,0,0,0,3080,0,0,0,64,775,174086,0,1007,0,0,0,0,0,0,0,0,179012,2,1,0,0,0,0,110592,0,0,0,110592,3,0,0,0,0,0,0,0,0,0,0,874.2
haskell_docker-haskell,docker build -t haskell_docker-haskell haskell_docker-haskell7.8. ,10,true,379,399,380,376,385,372,370,371,371,373,8.48763806956918,72.04,language,41,1,0,1,3,0,0,0,1,0,0,0,0,3,0,0,0,9,1,0,0,44,2,2,1,2,0,0,1,0,1,0,0,0,54,0,0,12,0,23,0,0,0,0,0,64,1051,0,0,0,9,0,0,0,0,0,0,0,1159,4,2,0,0,0,0,14131.2,0,0,0,14131.2,6,0,0,0,0,0,0,0,0,0,0,377.6
HaxeFoundation_docker-library-haxe,docker build -t HaxeFoundation_docker-library-haxe HaxeFoundation_docker-library-haxe4.0alpine3.11.,10,true,1140,1186,1244,1280,1231,1224,1211,1201,1191,1190,36.071595473447,1301.16,language,94,1,0,4,2,0,0,0,1,0,0,0,0,0,0,0,0,8,1,0,1,30,0,1,0,1,0,0,0,0,3,0,0,0,37,0,0,19385,0,0,0,0,0,0,0,64,294,0,0,4924,0,0,0,0,0,0,0,0,24667,0,0,1,0,1,0,21606.4,514,0,0,22120.4,2,0,0,0,0,0,0,0,0,0,0,1209.8
hylang_hy,docker build -t hylang_hy hylang_hy.,10,true,106,527,97,93,91,92,95,107,107,134,127.940181334872,16368.69,language,10,1,0,0,1,0,0,0,1,0,0,0,1,0,0,1,0,5,1,3,1,62,0,0,0,1,0,0,0,0,0,0,0,0,68,0,0,0,0,0,5089,0,0,0,0,0,0,0,0,0,0,0,0,0,0,0,0,0,5089,1,0,0,0,0,0,834,0,0,0,834,1,0,0,0,5,0,0,0,0,0,5,144.9
ibmruntimes_ci.docker,docker build -t ibmruntimes_ci.docker ibmruntimes_ci.dockeribmjava8maven,10,true,401,412,338,326,326,331,339,438,402,516,59.5003361335043,3540.29,language,36,1,0,1,1,0,0,0,1,0,0,0,1,1,0,0,0,6,1,0,0,1,0,0,0,1,0,0,0,1,0,0,1,0,5,0,0,0,0,0,0,0,0,0,0,0,1195,0,0,0,0,0,0,0,0,0,0,0,1195,0,0,1,0,0,0,8294.4,0,0,0,8294.4,1,0,0,0,0,0,0,0,0,0,0,382.9
mono_docker,docker build -t mono_docker mono_docker6.8.0.96.,10,true,23,36,24,23,22,23,34,23,22,24,4.86209831245729,23.64,language,8,1,0,0,1,0,0,0,0,0,0,0,0,0,0,0,0,2,1,0,7,6,0,1,3,1,1,0,1,0,0,0,0,0,21,0,0,0,0,0,0,0,0,0,0,0,55,0,0,0,0,0,0,0,0,0,0,0,55,1,0,0,0,0,0,0,0,0,0,0,1,0,0,0,0,0,0,0,0,0,0,25.4
Perl_docker-perl,docker build -t Perl_docker-perl Perl_docker-perl5.030.002-main-stretch.,10,true,1039,1036,1032,1040,1038,1034,1051,1086,1051,1119,26.706553502839,713.24,language,29,1,1,0,1,0,1,0,1,2,0,0,0,0,0,0,0,7,1,0,1,4,0,1,0,0,2,0,0,0,0,0,0,0,9,7936,0,613460,8323,0,0,0,0,0,0,488096,39970,2411,1126,0,5,0,0,0,0,0,0,0,1161327,2,2,0,0,0,0,12392.2,0,0,0,12392.2,4,0,0,0,0,0,0,0,68,0,68,1052.6
Quantisan_docker-clojure,docker build -t Quantisan_docker-clojure Quantisan_docker-clojuretargetopenjdk-15-tooldeps.,10,true,437,434,436,439,459,424,424,425,506,512,31.2704333196712,977.84,language,20,1,0,4,2,0,0,0,1,1,0,0,0,0,0,0,0,9,1,1,3,33,0,1,1,1,0,0,0,0,2,0,0,0,43,0,0,1838,0,0,0,0,0,0,0,64,3940,0,0,0,0,0,4044,0,0,0,0,0,9886,0,0,1,0,0,0,1.5,0,0,0,1.5,1,0,0,0,0,0,0,0,0,0,0,449.6
rocker-org_rocker,docker build -t rocker-org_rocker rocker-org_rockerr-ubuntu.,10,true,676,732,1061,645,605,597,585,701,647,643,131.414458869639,17269.76,language,58,1,1,3,4,0,0,0,1,0,0,0,0,0,0,0,0,10,1,4,3,31,0,0,0,1,0,0,0,0,0,0,0,0,40,0,0,0,0,0,0,0,0,0,0,661,1140,0,0,0,0,0,0,0,0,0,0,0,1801,4,0,0,0,0,0,0,0,0,0,0,4,0,0,0,0,0,0,0,0,2,2,689.2
rust-lang_docker-rust,docker build -t rust-lang_docker-rust rust-lang_docker-rust1.42.0alpine3.10.,10,true,277,291,341,220,217,216,214,256,280,284,40.3762306314,18258.24,language,22,1,0,1,2,0,0,0,0,0,0,0,0,0,0,0,0,4,1,0,9,65,1,0,0,2,2,1,1,0,0,0,0,0,82,0,0,0,0,0,163,0,0,0,0,0,0,0,0,0,0,0,0,0,0,0,0,0,163,0,0,1,0,0,0,11571.2,0,0,0,0,1,0,0,0,0,0,0,0,0,0,0,259.6
SWI-Prolog_docker-swipl,docker build -t SWI-Prolog_docker-swipl SWI-Prolog_docker-swipl8.1.15stretch.,10,true,895,884,873,882,898,905,913,899,893,900,11.160645142643,124.56,language,69,1,1,1,2,0,0,0,1,0,0,0,0,0,0,0,0,6,2,0,12,27,0,3,1,1,1,0,1,0,4,0,0,0,52,4554,0,298,0,0,0,0,0,0,0,5853,565,0,0,0,0,0,0,0,0,0,0,0,11270,5,0,0,0,5,0,397.6,349.2,39.5,113.9,900.2,10,0,0,0,0,0,0,0,0,0,0,894.2
tianon_docker-bash,docker build -t tianon_docker-bash tianon_docker-bash5.0.,10,true,194,189,188,186,180,185,181,195,184,183,4.80104155366312,23.05,language,122,1,0,4,1,0,1,1,1,0,0,0,0,0,0,0,0,9,1,0,1,15,1,1,1,1,1,0,3,0,2,0,0,0,27,0,0,107007,0,0,0,0,0,0,0,4291,8097,0,5401,0,0,0,48,0,23,0,0,16,124883,0,0,4,0,0,0,9932.8,50.3,0,0,9983.1,4,0,0,0,0,0,0,0,0,0,0,186.5
alpinelinux_docker-alpine,docker build -t alpinelinux_docker-alpine docker-alpine.,10,true,24,30,33,23,24,24,29,25,23,31,3.55527776692624,12.64,linux_distro,5,1,0,0,1,1,1,1,0,0,0,0,0,0,0,0,0,5,1,0,0,1,1,1,1,0,0,0,0,0,0,0,0,0,5,0,0,0,0,0,0,0,0,0,0,0,121,0,0,0,0,0,0,0,0,0,0,0,121,0,0,0,0,0,0,0,0,0,0,0,0,0,0,0,0,0,0,0,0,0,0,26.6
juanluisbaptiste_docker-brew-mageia,docker build -t juanluisbaptiste_docker-brew-mageia juanluisbaptiste_docker-brew-mageiadist6armv7hl.,10,true,1119,1300,1053,1114,1616,1078,961,981,919,953,199.116649228536,39647.44,linux_distro,17,1,0,0,0,0,0,0,1,0,0,0,1,0,0,1,0,4,1,1,3,51,1,2,1,1,0,0,0,0,0,0,0,0,61,0,0,0,0,0,0,0,857,0,0,64,1660,0,0,0,0,0,0,0,0,0,0,0,2581,0,0,1,0,0,0,2969.6,0,0,0,2969.6,1,3,0,0,0,0,0,0,0,0,3,1109.4
carlossg_docker-maven,docker build -t carlossg_docker-maven carlossg_docker-mavenamazoncorretto-8.,10,true,185,587,594,447,482,451,457,569,577,587,118.685466675579,14086.24,other,27,1,0,3,2,0,2,1,1,0,0,0,0,4,0,0,0,14,1,0,3,8,0,2,1,1,0,0,0,0,4,0,0,0,20,0,6,0,0,0,0,0,0,0,0,0,198,35,0,0,0,0,0,0,0,0,0,0,239,0,1,0,0,0,0,9318.4,0,0,0,9318.4,1,0,0,0,0,0,1,0,0,0,1,493.6
composer_docker,docker build -t composer_docker composer_docker1.9.,10,true,373,384,493,288,303,292,322,463,357,358,65.9151727601468,4344.81,other,64,1,0,3,4,0,1,1,1,1,0,0,0,0,0,0,0,12,1,0,3,39,1,2,2,1,1,0,0,0,0,0,0,0,50,0,0,0,0,0,0,0,0,4175,0,0,78,0,0,0,0,0,0,0,0,0,0,0,4253,0,1,0,0,0,0,258,0,0,0,258,1,0,0,0,0,0,0,0,0,0,0,363.3
docker-library_buildpack-deps,docker build -t docker-library_buildpack-deps docker-library_buildpack-depsbionic.,10,true,189,262,261,261,260,240,220,230,200,230,26.4887583889403,701.654320987654,other,57,1,0,0,1,0,0,0,0,0,0,0,0,0,0,0,0,2,1,0,0,2,1,3,1,1,0,0,1,0,0,0,0,0,10,0,0,0,0,0,0,0,0,0,0,0,130,0,0,0,0,0,0,0,0,0,0,0,130,2,0,0,0,0,0,0,0,0,0,0,2,0,0,0,0,0,0,0,0,0,0,235.3
docker_distribution-library-image,docker build -t docker_distribution-library-image distribution-library-imageamd64.,10,true,22,36,34,23,23,23,24,23,22,24,4.86209831245729,23.64,other,17,1,0,0,1,1,3,1,1,0,0,1,0,0,0,0,0,9,1,0,8,97,0,0,0,2,1,0,1,0,0,0,0,0,110,0,0,24,0,0,0,0,0,0,0,64,1568,1370,0,0,0,0,1637,0,0,0,0,0,4663,0,0,0,0,0,0,0,0,0,0,0,0,0,0,0,0,0,0,0,0,0,0,25.4
fluent_fluentd-docker-image,docker build -t fluent_fluentd-docker-image fluent_fluentd-docker-imagev1.10debian.,10,true,388,377,503,326,323,556,325,347,338,345,77.0503731334249,5936.76,other,64,1,2,3,2,0,2,1,1,0,1,1,0,0,0,0,0,14,1,2,3,42,0,2,3,1,0,1,1,0,0,0,0,0,56,26104,0,1464140,0,0,24905,0,0,0,0,9303,26780,1709,0,0,2,0,12869,0,0,1463,0,0,1567275,3,0,3,0,0,0,85.8,439,0,0,524.8,6,0,0,0,0,0,0,0,0,0,0,382.8
hashicorp_docker-vault,docker build -t hashicorp_docker-vault hashicorp_docker-vault0.X.,10,true,171,179,230,211,277,147,151,185,170,333,56.5370674867383,3196.44,other,80,1,0,0,3,2,1,1,1,0,0,1,0,1,0,0,0,11,1,0,0,44,2,1,1,2,0,0,1,0,1,0,0,0,53,0,0,0,0,0,0,0,0,0,0,0,61,0,0,0,0,0,0,0,0,0,0,0,61,0,3,0,0,0,0,48105,0,0,0,48105,3,0,0,0,0,0,0,0,0,0,0,205.4
keeganwitt_docker-gradle,docker build -t keeganwitt_docker-gradle keeganwitt_docker-gradlejdk8.,10,true,622,628,783,570,516,509,545,665,607,620,76.3351164275001,5827.05,other,51,1,0,2,3,1,0,0,1,1,0,0,0,1,0,0,0,10,1,0,2,33,1,0,0,1,1,0,0,0,1,0,0,0,40,0,22,0,0,0,0,0,0,0,0,0,154,2,0,0,0,0,0,0,0,0,0,0,178,2,0,1,0,0,0,99328,0,0,0,99328,3,0,0,0,0,0,0,2,2,2,6,606.5
osrf_docker_images,docker build -t osrf_docker_images osrf_docker_imagesdocker.,10,true,70,81,104,66,71,69,65,72,66,79,11.1180034178804,123.61,other,14,1,0,1,2,0,1,0,0,2,0,0,0,0,0,0,0,7,1,0,5,12,3,0,0,1,1,0,2,1,1,0,0,0,27,0,0,0,0,0,345,0,0,0,0,64,525,0,0,0,0,0,0,0,0,0,0,0,934,0,0,0,0,1,0,316.8,0,0,0,316.8,1,3,0,0,0,0,0,0,0,0,3,74.3
WASdev_ci.docker,docker build -t WASdev_ci.docker WASdev_ci.dockerbeta,10,true,646,755,708,721,719,729,718,706,706,711,25.978645076293,674.89,other,79,2,0,0,1,0,3,0,0,0,0,0,0,1,0,0,0,7,1,7,4,40,0,1,0,3,0,1,2,0,0,0,0,0,59,0,0,0,0,0,0,0,0,0,0,0,672,264,0,0,0,0,0,0,0,0,0,0,936,2,0,1,0,0,0,88678.4,0,0,0,88678.4,3,0,0,0,0,0,0,0,0,0,0,711.9
appropriate_docker-jetty,docker build -t /repositories/appropriate_docker-jetty/9.4-jdk13,10,true,729,667,683,586,583,629,809,690,572,580,73.7777744310575,5443.16,web_component,85,1,0,7,1,0,1,1,1,1,1,1,0,0,0,0,0,15,1,0,7,36,0,1,1,3,1,1,1,0,0,0,0,0,52,0,0,0,0,0,0,0,0,0,0,0,215,1399,0,0,0,0,0,0,0,0,0,0,1614,0,2,0,0,0,0,99523.2,0,0,0,99523.2,2,0,0,0,0,0,0,0,0,0,0,652.8
containous_traefik-library-image,docker build -t containous_traefik-library-image traefik-library-imagealpine.,10,true,106,116,120,74,74,76,78,82,86,82,16.8059513268366,282.44,web_component,26,1,1,0,2,0,1,1,1,0,0,1,0,0,0,0,0,8,1,6,0,14,0,1,1,1,0,0,1,0,0,0,0,0,25,0,0,0,0,2254,0,0,0,0,0,64,695,0,0,0,0,0,0,0,0,0,0,0,3013,0,0,1,0,0,0,13516.8,0,0,0,13516.8,1,0,26,0,0,0,0,0,0,0,26,89.4
docker-flink_docker-flink,docker build -t docker-flink_docker-flink docker-flink_docker-flink1.9scala_2.12-debian.,10,true,976,1184,1079,717,538,629,563,678,888,674,213.347697433087,45517.24,web_component,89,1,0,6,4,0,1,1,1,1,0,1,0,0,0,0,0,16,1,8,3,32,1,5,1,1,1,0,3,0,0,0,0,0,56,0,0,0,0,0,0,0,0,0,0,64,924,0,0,0,0,0,0,0,0,0,0,0,988,2,0,4,0,0,0,240640,52,0,0,240692,6,0,0,0,0,0,0,0,0,0,0,792.6
docker-library_tomcat,docker build -t docker-library_tomcat docker-library_tomcat9.0jdk8corretto.,10,true,822,922,603,442,413,457,419,1337,484,1199,325.727739070531,106098.56,web_component,146,1,0,8,3,0,0,0,1,1,0,1,0,0,0,0,0,15,1,0,3,44,1,1,1,1,1,0,1,0,0,0,0,0,54,0,342110,0,0,0,0,0,0,0,0,315,1335,60132,0,0,0,0,0,0,0,0,0,0,403892,0,1,0,0,0,0,9318.4,0,0,0,9318.4,1,0,0,0,0,0,10,0,0,0,10,709.8
eclipse_mosquitto,docker build -t eclipse_mosquitto eclipse_mosquittodocker1.6.,10,true,234,277,324,210,202,205,204,236,234,241,36.4281484569282,1327.01,web_component,92,1,1,1,1,1,1,1,1,0,0,1,0,0,0,0,0,9,2,0,4,17,0,3,1,1,1,1,0,1,0,0,0,0,31,1716,461,164569,0,2896,10848,0,0,0,0,134,1640,5554,0,0,0,0,0,0,0,0,0,0,187818,0,0,3,0,0,0,597,597,0,0,1194,3,0,0,0,0,0,0,0,0,0,0,236.7
Lightstreamer_Docker,docker build -t Lightstreamer_Docker Lightstreamer_Docker7.1jdk11.,10,true,1075,1084,1174,1094,1075,1076,1138,1108,1096,1260,56.1052582205982,3147.8,web_component,47,1,1,2,2,0,0,0,1,1,1,1,0,0,0,0,0,10,1,0,2,33,1,0,0,1,1,0,0,0,1,0,0,0,40,0,0,0,0,4165,0,0,0,0,0,0,788,675,0,0,0,0,0,0,0,0,0,0,5628,0,2,0,0,0,0,45568,0,0,0,45568,2,0,0,0,0,0,0,0,0,0,0,1118.0
nginxinc_docker-nginx,docker build -t nginxinc_docker-nginxstablealpine.,10,true,58,76,76,51,51,55,51,59,55,59,8.96046873773912,80.29,web_component,110,1,1,3,1,0,0,0,1,0,0,1,0,0,1,0,0,9,1,1,3,78,0,0,0,3,0,0,1,0,0,1,0,0,88,0,0,0,0,0,0,0,0,0,0,1141908,78,0,0,0,0,0,0,0,0,0,0,0,1141986,0,0,1,0,0,0,1,0,0,0,1,1,0,0,0,0,0,0,0,0,0,0,59.1
nodejs_docker-node,docker build -t nodejs_docker-node nodejs_docker-node13alpine3.10.,10,true,133,133,185,157,120,122,120,154,130,178,22.745549015137,517.36,web_component,100,1,0,2,2,0,1,1,1,0,0,0,0,0,0,0,0,8,1,1,3,78,0,0,0,3,0,0,1,0,0,1,0,0,88,1762856,0,705114,0,1274994,82855,186,0,0,0,0,5677,1980,0,0,521,0,572047,0,0,0,0,5,4406235,0,5,0,0,0,0,1228.8,0,0,0,1228.8,5,13,20,0,0,0,0,0,0,0,33,143.2
OpenLiberty_ci.docker,docker build -t OpenLiberty_ci.docker OpenLiberty_ci.docker/samples/spring-petclinic.,10,true,66,82,69,66,105,69,65,72,70,79,11.5243221058768,132.81,web_component,13,2,0,0,2,0,4,0,0,0,0,0,0,2,0,0,0,10,2,0,0,4,0,3,0,0,0,0,0,0,1,0,0,0,10,0,0,0,0,0,0,0,0,0,0,0,512,318,0,0,0,0,0,0,0,0,0,0,830,0,0,0,0,0,0,0,0,0,0,0,0,0,0,0,0,0,0,0,0,0,0,74.3
tomitribe_docker-tomee,docker build -t tomitribe_docker-tomee tomitribe_docker-tomeeTomEE-8.0jre8webprofile.,10,true,143,146,246,123,160,107,187,198,137,253,47.3392015141785,2241,web_component,48,1,0,4,3,0,0,0,1,1,0,1,0,0,0,0,0,11,1,0,3,21,1,1,1,1,1,0,0,0,0,0,0,0,30,0,858,0,0,58,0,0,0,0,0,0,1301,1431,0,0,0,0,0,0,0,0,0,0,3648,0,2,0,0,0,0,41164.8,0,0,0,41164.8,2,0,0,0,0,0,1,0,0,0,1,170.0
YOURLS_docker-yourls,docker build -t YOURLS_docker-yourls YOURLS_docker-yourlsapache.,10,true,312,309,310,364,319,316,314,317,323,321,15.1343979067553,229.05,web_component,36,1,0,2,4,0,3,1,1,0,0,0,0,0,0,0,0,12,1,7,4,40,0,1,0,3,0,1,2,0,0,0,0,0,59,0,0,0,0,854,0,0,0,20592,0,64,564,0,0,0,0,0,0,0,0,0,0,0,22074,0,0,1,0,0,0,5529.6,0,0,0,5529.6,1,0,16,18,0,0,0,0,0,0,34,320.5
